seeded_canonical,stem,candidate_literal,n_trials,agency_class,suggested_action
Medtronic Cardiac Rhythm and Heart Failure,medtronic,Medtronic,654,INDUSTRY,
Medtronic - MITG,medtronic,Medtronic,654,INDUSTRY,
Janssen Pharmaceutical K.K.,janssen,"Janssen Scientific Affairs, LLC",167,INDUSTRY,
"Janssen Research & Development, LLC",janssen,"Janssen Scientific Affairs, LLC",167,INDUSTRY,
Janssen Pharmaceutical K.K.,janssen,"Janssen, LP",164,INDUSTRY,
"Janssen Research & Development, LLC",janssen,"Janssen, LP",164,INDUSTRY,
"Johnson & Johnson Pharmaceutical Research & Development, L.L.C.",johnson,Johnson & Johnson,131,INDUSTRY,
"Johnson & Johnson Vision Care, Inc.",johnson,Johnson & Johnson,131,INDUSTRY,
Shire,shire,Baxalta now part of Shire,111,INDUSTRY,
Astellas Pharma Inc,astellas,Astellas Pharma Europe B.V.,110,INDUSTRY,
"Astellas Pharma Global Development, Inc.",astellas,Astellas Pharma Europe B.V.,110,INDUSTRY,
Janssen Pharmaceutical K.K.,janssen,Janssen-Cilag Ltd.,106,INDUSTRY,
"Janssen Research & Development, LLC",janssen,Janssen-Cilag Ltd.,106,INDUSTRY,
Astellas Pharma Inc,astellas,"Astellas Pharma US, Inc.",92,INDUSTRY,
"Astellas Pharma Global Development, Inc.",astellas,"Astellas Pharma US, Inc.",92,INDUSTRY,
Janssen Pharmaceutical K.K.,janssen,"Janssen Korea, Ltd., Korea",89,INDUSTRY,
"Janssen Research & Development, LLC",janssen,"Janssen Korea, Ltd., Korea",89,INDUSTRY,
"Janssen Research & Development, LLC",janssen,Janssen Pharmaceuticals,88,INDUSTRY,
Janssen Pharmaceutical K.K.,janssen,Janssen Pharmaceuticals,88,INDUSTRY,
"Jiangsu HengRui Medicine Co., Ltd.",jiangsu,"Jiangsu Simcere Pharmaceutical Co., Ltd.",83,INDUSTRY,
"Jiangsu Hansoh Pharmaceutical Co., Ltd.",jiangsu,"Jiangsu Simcere Pharmaceutical Co., Ltd.",83,INDUSTRY,
"Johnson & Johnson Vision Care, Inc.",johnson,Mead Johnson Nutrition,82,INDUSTRY,
"Johnson & Johnson Pharmaceutical Research & Development, L.L.C.",johnson,Mead Johnson Nutrition,82,INDUSTRY,
Medtronic Cardiac Rhythm and Heart Failure,medtronic,"Medtronic MiniMed, Inc.",77,INDUSTRY,
Medtronic - MITG,medtronic,"Medtronic MiniMed, Inc.",77,INDUSTRY,
Abbott Medical Devices,abbott,Abbott Diabetes Care,73,INDUSTRY,
Abbott Nutrition,abbott,Abbott Diabetes Care,73,INDUSTRY,
Abbott,abbott,Abbott Diabetes Care,73,INDUSTRY,
Medtronic Cardiac Rhythm and Heart Failure,medtronic,Medtronic Vascular,72,INDUSTRY,
Medtronic Cardiac Rhythm and Heart Failure,medtronic,Medtronic Cardiovascular,72,INDUSTRY,
Medtronic - MITG,medtronic,Medtronic Cardiovascular,72,INDUSTRY,
Medtronic - MITG,medtronic,Medtronic Vascular,72,INDUSTRY,
"Otsuka Pharmaceutical Development & Commercialization, Inc.",otsuka,Otsuka America Pharmaceutical,67,INDUSTRY,
"CSPC ZhongQi Pharmaceutical Technology Co., Ltd.",cspc,"CSPC Ouyi Pharmaceutical Co., Ltd.",67,INDUSTRY,
"Otsuka Pharmaceutical Co., Ltd.",otsuka,Otsuka America Pharmaceutical,67,INDUSTRY,
"Johnson & Johnson Pharmaceutical Research & Development, L.L.C.",johnson,Johnson & Johnson Consumer and Personal Products Worldwide,65,INDUSTRY,
"Johnson & Johnson Vision Care, Inc.",johnson,Johnson & Johnson Consumer and Personal Products Worldwide,65,INDUSTRY,
Takeda,takeda,"Takeda Development Center Americas, Inc.",63,INDUSTRY,
"Otsuka Pharmaceutical Development & Commercialization, Inc.",otsuka,"Korea Otsuka Pharmaceutical Co., Ltd.",61,INDUSTRY,
"Otsuka Pharmaceutical Co., Ltd.",otsuka,"Korea Otsuka Pharmaceutical Co., Ltd.",61,INDUSTRY,
Shanghai Henlius Biotech,shanghai,"Shanghai Hengrui Pharmaceutical Co., Ltd.",59,INDUSTRY,
Takeda,takeda,"Takeda Pharmaceuticals North America, Inc.",58,INDUSTRY,
Medtronic Cardiac Rhythm and Heart Failure,medtronic,Medtronic Spinal and Biologics,57,INDUSTRY,
Medtronic - MITG,medtronic,Medtronic Spinal and Biologics,57,INDUSTRY,
"Johnson & Johnson Vision Care, Inc.",johnson,Johnson & Johnson Consumer Inc. (J&JCI),57,INDUSTRY,
"Johnson & Johnson Pharmaceutical Research & Development, L.L.C.",johnson,Johnson & Johnson Consumer Inc. (J&JCI),57,INDUSTRY,
Shanghai Henlius Biotech,shanghai,"Sunshine Guojian Pharmaceutical (Shanghai) Co., Ltd.",56,INDUSTRY,
Gilead Sciences,gilead,"Kite, A Gilead Company",53,INDUSTRY,
UCB Biopharma SRL,ucb biopharma,UCB Biopharma S.P.R.L.,53,INDUSTRY,
"Chia Tai Tianqing Pharmaceutical Group Co., Ltd.",chia,"Chia Tai Tianqing Pharmaceutical Group Nanjing Shunxin Pharmaceutical Co., Ltd.",52,INDUSTRY,
Mylan Pharmaceuticals Inc,mylan,Mylan Inc.,52,INDUSTRY,
Shanghai Henlius Biotech,shanghai,"Mabwell (Shanghai) Bioscience Co., Ltd.",52,INDUSTRY,
"Sanofi Pasteur, a Sanofi Company",sanofi,Sanofi-Synthelabo,50,INDUSTRY,
Sanofi,sanofi,Sanofi-Synthelabo,50,INDUSTRY,
"Astellas Pharma Global Development, Inc.",astellas,"Astellas Pharma Korea, Inc.",45,INDUSTRY,
Abbott Nutrition,abbott,Abbott Medical Optics,45,INDUSTRY,
Abbott Medical Devices,abbott,Abbott Medical Optics,45,INDUSTRY,
Abbott,abbott,Abbott Medical Optics,45,INDUSTRY,
Astellas Pharma Inc,astellas,"Astellas Pharma Korea, Inc.",45,INDUSTRY,
Shanghai Henlius Biotech,shanghai,"Shanghai Pharmaceuticals Holding Co., Ltd",44,INDUSTRY,
"Jiangsu Hansoh Pharmaceutical Co., Ltd.",jiangsu,"Jiangsu Hengrui Pharmaceutical Co., Ltd.",44,INDUSTRY,
"Jiangsu HengRui Medicine Co., Ltd.",jiangsu,"Jiangsu Hengrui Pharmaceutical Co., Ltd.",44,INDUSTRY,
"Johnson & Johnson Vision Care, Inc.",johnson,"Johnson & Johnson Surgical Vision, Inc.",43,INDUSTRY,
"Johnson & Johnson Pharmaceutical Research & Development, L.L.C.",johnson,"Johnson & Johnson Surgical Vision, Inc.",43,INDUSTRY,
"Jiangsu Hansoh Pharmaceutical Co., Ltd.",jiangsu,"Jiangsu Alphamab Biopharmaceuticals Co., Ltd",42,INDUSTRY,
Shanghai Henlius Biotech,shanghai,Shanghai JMT-Bio Inc.,42,INDUSTRY,
"Jiangsu HengRui Medicine Co., Ltd.",jiangsu,"Jiangsu Alphamab Biopharmaceuticals Co., Ltd",42,INDUSTRY,
Merck & Co,merck,Merck Serono International SA,39,INDUSTRY,
Merck KGaA,merck,Merck Serono International SA,39,INDUSTRY,
"Astellas Pharma Global Development, Inc.",astellas,Astellas Pharma Europe Ltd.,37,INDUSTRY,
Astellas Pharma Inc,astellas,Astellas Pharma Europe Ltd.,37,INDUSTRY,
"Otsuka Pharmaceutical Development & Commercialization, Inc.",otsuka,Otsuka Beijing Research Institute,36,INDUSTRY,
"Otsuka Pharmaceutical Co., Ltd.",otsuka,Otsuka Beijing Research Institute,36,INDUSTRY,
Eisai Inc.,eisai,Eisai Korea Inc.,34,INDUSTRY,
Merck & Co,merck,"Acceleron Pharma, Inc., a wholly-owned subsidiary of Merck & Co., Inc., Rahway, NJ USA",33,INDUSTRY,
Merck KGaA,merck,"Acceleron Pharma, Inc., a wholly-owned subsidiary of Merck & Co., Inc., Rahway, NJ USA",33,INDUSTRY,
"Dong-A ST Co., Ltd.",dong-a,"Dong-A Pharmaceutical Co., Ltd.",32,INDUSTRY,
"CSPC ZhongQi Pharmaceutical Technology Co., Ltd.",cspc,"CSPC Zhongnuo Pharmaceutical (Shijiazhuang) Co., Ltd.",32,INDUSTRY,
"Jiangsu HengRui Medicine Co., Ltd.",jiangsu,"Jiangsu vcare pharmaceutical technology co., LTD",30,INDUSTRY,
"Jiangsu Hansoh Pharmaceutical Co., Ltd.",jiangsu,"Jiangsu vcare pharmaceutical technology co., LTD",30,INDUSTRY,
Merck & Co,merck,Merck Frosst Canada Ltd.,30,INDUSTRY,
Daiichi Sankyo,daiichi,"Daiichi Sankyo Europe, GmbH, a Daiichi Sankyo Company",30,INDUSTRY,
Merck KGaA,merck,Merck Frosst Canada Ltd.,30,INDUSTRY,
Bayer,bayer,"Bayer Healthcare Pharmaceuticals, Inc./Bayer Schering Pharma",29,INDUSTRY,
"Astellas Pharma Global Development, Inc.",astellas,"Astellas Pharma China, Inc.",29,INDUSTRY,
"Sumitomo Pharma America, Inc.",sumitomo,"Sumitomo Pharma Co., Ltd.",29,INDUSTRY,
Astellas Pharma Inc,astellas,"Astellas Pharma China, Inc.",29,INDUSTRY,
Tanabe Pharma Corporation,tanabe,"Tanabe Pharma America, Inc.",28,INDUSTRY,
"Alexion Pharmaceuticals, Inc.",alexion,"Achillion, a wholly owned subsidiary of Alexion",28,INDUSTRY,
"Genentech, Inc.",genentech,Roche-Genentech,27,INDUSTRY,
"CSPC ZhongQi Pharmaceutical Technology Co., Ltd.",cspc,"CSPC Baike (Shandong) Biopharmaceutical Co., Ltd.",27,INDUSTRY,
"Smith & Nephew, Inc.",smith,Smith & Nephew Orthopaedics AG,26,INDUSTRY,
Sanofi,sanofi,"Ablynx, a Sanofi company",25,INDUSTRY,
"Sanofi Pasteur, a Sanofi Company",sanofi,"Ablynx, a Sanofi company",25,INDUSTRY,
"CSPC ZhongQi Pharmaceutical Technology Co., Ltd.",cspc,"CSPC Megalith Biopharmaceutical Co.,Ltd.",25,INDUSTRY,
Bristol-Myers Squibb,bristol-myers,"Juno Therapeutics, Inc., a Bristol-Myers Squibb Company",24,INDUSTRY,
Allergan,allergan,"Naurex, Inc, an affiliate of Allergan plc",22,INDUSTRY,
"Kyowa Kirin Co., Ltd.",kyowa,"Kyowa Hakko Kirin Pharma, Inc.",21,INDUSTRY,
"CooperVision, Inc.",coopervision,CooperVision International Limited (CVIL),21,INDUSTRY,
"Jiangsu Hansoh Pharmaceutical Co., Ltd.",jiangsu,"Jiangsu Famous Medical Technology Co., Ltd.",20,INDUSTRY,
"Jiangsu HengRui Medicine Co., Ltd.",jiangsu,"Jiangsu Famous Medical Technology Co., Ltd.",20,INDUSTRY,
"Chia Tai Tianqing Pharmaceutical Group Co., Ltd.",chia,Nanjing Chia-tai Tianqing Pharmaceutical,20,INDUSTRY,
Abbott Nutrition,abbott,Abbott Diagnostics Division,19,INDUSTRY,
Shire,shire,"Baxalta Innovations GmbH, now part of Shire",19,INDUSTRY,
Abbott,abbott,Abbott Diagnostics Division,19,INDUSTRY,
Abbott Medical Devices,abbott,Abbott Diagnostics Division,19,INDUSTRY,
Teva Pharmaceuticals USA,teva,"Teva Pharmaceutical Industries, Ltd.",18,INDUSTRY,
Novartis Vaccines,novartis,"Alcon, a Novartis Company",18,INDUSTRY,
"Teva Branded Pharmaceutical Products R&D, Inc.",teva,"Teva Pharmaceutical Industries, Ltd.",18,INDUSTRY,
Novo Nordisk A/S,novo,"Dicerna Pharmaceuticals, Inc., a Novo Nordisk company",18,INDUSTRY,
Merck & Co,merck,"Verona Pharma, Inc., a subsidiary of Merck & Co., Inc. (Rahway, New Jersey USA",18,INDUSTRY,
Merck KGaA,merck,"Verona Pharma, Inc., a subsidiary of Merck & Co., Inc. (Rahway, New Jersey USA",18,INDUSTRY,
Alcon Research,alcon,"Alcon, a Novartis Company",18,INDUSTRY,
Novartis Pharmaceuticals,novartis,"Alcon, a Novartis Company",18,INDUSTRY,
Novartis,novartis,"Alcon, a Novartis Company",18,INDUSTRY,
"Teva Branded Pharmaceutical Products R&D, Inc.",teva,"Teva Neuroscience, Inc.",17,INDUSTRY,
Teva Pharmaceuticals USA,teva,"Teva Neuroscience, Inc.",17,INDUSTRY,
Incyte Corporation,incyte,Incyte Biosciences International Sàrl,16,INDUSTRY,
Abbott,abbott,Abbott Point of Care,16,INDUSTRY,
Abbott Nutrition,abbott,Abbott Point of Care,16,INDUSTRY,
Abbott Medical Devices,abbott,Abbott Point of Care,16,INDUSTRY,
"Sanofi Pasteur, a Sanofi Company",sanofi,"Bioverativ, a Sanofi company",16,INDUSTRY,
"Sumitomo Pharma America, Inc.",sumitomo,Sumitomo Pharma Switzerland GmbH,16,INDUSTRY,
Sanofi,sanofi,"Bioverativ, a Sanofi company",16,INDUSTRY,
Merck KGaA,merck,Merck Canada Inc.,15,INDUSTRY,
Merck & Co,merck,Merck Canada Inc.,15,INDUSTRY,
"Sanofi Pasteur, a Sanofi Company",sanofi,"Kadmon, a Sanofi Company",14,INDUSTRY,
Mylan Pharmaceuticals Inc,mylan,Mylan Bertek Pharmaceuticals,14,INDUSTRY,
Sanofi,sanofi,"Kadmon, a Sanofi Company",14,INDUSTRY,
"Chia Tai Tianqing Pharmaceutical Group Co., Ltd.",chia,"Shanghai Chia Tai Tianqing Pharmaceutical Technology Development Co., Ltd.",14,INDUSTRY,
Boston Scientific Corporation,boston,Boston Pharmaceuticals,13,INDUSTRY,
Allergan,allergan,Allergan Medical,13,INDUSTRY,
"Kyowa Kirin Co., Ltd.",kyowa,Kyowa Kirin Pharmaceutical Development Ltd,13,INDUSTRY,
Abbott Medical Devices,abbott,Abbott Rapid Dx,12,INDUSTRY,
Mylan Pharmaceuticals Inc,mylan,Mylan GmbH,12,INDUSTRY,
Abbott,abbott,Abbott Rapid Dx,12,INDUSTRY,
Abbott Nutrition,abbott,Abbott Rapid Dx,12,INDUSTRY,
"Smith & Nephew, Inc.",smith,Upsher-Smith Laboratories,11,INDUSTRY,
Sanofi,sanofi,"Principia Biopharma, a Sanofi Company",10,INDUSTRY,
Chiesi Farmaceutici S.p.A.,chiesi,"Chiesi USA, Inc.",10,INDUSTRY,
Amgen,amgen,Amgen Research (Munich) GmbH,10,INDUSTRY,
"Sanofi Pasteur, a Sanofi Company",sanofi,"Principia Biopharma, a Sanofi Company",10,INDUSTRY,
Novartis Vaccines,novartis,Novartis Korea Ltd.,9,INDUSTRY,
Novartis Vaccines,novartis,Novartis Gene Therapies,9,INDUSTRY,
"Otsuka Pharmaceutical Co., Ltd.",otsuka,"Taiwan Otsuka Pharm. Co., Ltd",9,INDUSTRY,
Novartis Pharmaceuticals,novartis,Novartis Korea Ltd.,9,INDUSTRY,
"Otsuka Pharmaceutical Co., Ltd.",otsuka,Otsuka Pharmaceutical Europe Ltd,9,INDUSTRY,
Novartis,novartis,Novartis Korea Ltd.,9,INDUSTRY,
Novartis,novartis,Novartis Gene Therapies,9,INDUSTRY,
Boston Scientific Corporation,boston,Boston Medical Group,9,INDUSTRY,
Novartis Pharmaceuticals,novartis,Novartis Gene Therapies,9,INDUSTRY,
"Kyowa Kirin Co., Ltd.",kyowa,"Kyowa Hakko Bio Co., Ltd.",9,INDUSTRY,
Daiichi Sankyo,daiichi,"Daiichi Sankyo Korea Co., Ltd.",9,INDUSTRY,
"Otsuka Pharmaceutical Development & Commercialization, Inc.",otsuka,Otsuka Pharmaceutical Europe Ltd,9,INDUSTRY,
"Otsuka Pharmaceutical Development & Commercialization, Inc.",otsuka,"Taiwan Otsuka Pharm. Co., Ltd",9,INDUSTRY,
Jazz Pharmaceuticals,jazz,Jazz Pharmaceuticals Ireland Limited,9,INDUSTRY,
"Kyowa Kirin Co., Ltd.",kyowa,"Kyowa Kirin Korea Co., Ltd.",9,INDUSTRY,
Ferring Pharmaceuticals,ferring,Ferring Arzneimittel GmbH,9,INDUSTRY,
Allergan,allergan,"Allergan Sales, LLC",9,INDUSTRY,
"Qilu Pharmaceutical Co., Ltd.",qilu,"Qilu Pharmaceutical (Hainan) Co., Ltd.",8,INDUSTRY,
"Teva Branded Pharmaceutical Products R&D, Inc.",teva,Teva Pharma,8,INDUSTRY,
"Genzyme, a Sanofi Company",genzyme,BioMarin/Genzyme LLC,8,INDUSTRY,
Innovent Biologics (Suzhou) Co. Ltd.,innovent,"Innovent Biopharmaceutical Technology (Hangzhou) Co., LTD.",8,INDUSTRY,
Takeda,takeda,Millennium: The Takeda Oncology Company,8,INDUSTRY,
Takeda,takeda,"Takeda Pharmaceuticals International, Inc.",8,INDUSTRY,
"Qilu Pharmaceutical Co., Ltd.",qilu,"Shandong Qilu Stem Cells Engineering Co., Ltd.",8,INDUSTRY,
"Millennium Pharmaceuticals, Inc.",millennium,Millennium: The Takeda Oncology Company,8,INDUSTRY,
Daiichi Sankyo,daiichi,Daiichi Pharmaceuticals,8,INDUSTRY,
"Dong-A ST Co., Ltd.",dong-a,Dong-A Pharmaceutical,8,INDUSTRY,
Teva Pharmaceuticals USA,teva,Teva Pharma,8,INDUSTRY,
"Chia Tai Tianqing Pharmaceutical Group Co., Ltd.",chia,"Jiangsu Chia Tai Fenghai Pharmaceutical Co., Ltd.",7,INDUSTRY,
"CSPC ZhongQi Pharmaceutical Technology Co., Ltd.",cspc,CSPC Pharmaceutical Group Limited,7,INDUSTRY,
Mylan Pharmaceuticals Inc,mylan,Mylan Laboratories,7,INDUSTRY,
"Kyowa Kirin Co., Ltd.",kyowa,"Kyowa Kirin China Pharmaceutical Co., Ltd.",7,INDUSTRY,
Innovent Biologics (Suzhou) Co. Ltd.,innovent,Innovent Biologics Technology Limited (Shanghai R&D Center),7,INDUSTRY,
Teva Pharmaceuticals USA,teva,Teva GTC,7,INDUSTRY,
"Teva Branded Pharmaceutical Products R&D, Inc.",teva,Teva GTC,7,INDUSTRY,
Ferring Pharmaceuticals,ferring,Ferring SAU,6,INDUSTRY,
Allergan,allergan,"Durata Therapeutics Inc., an affiliate of Allergan plc",6,INDUSTRY,
Incyte Corporation,incyte,Incyte Biosciences Japan GK,6,INDUSTRY,
Bayer,bayer,"Bayer Yakuhin, Ltd.",6,INDUSTRY,
Boehringer Ingelheim,boehringer,Boehringer Labs LLC,6,INDUSTRY,
Shire,shire,"Shire Human Genetic Therapies, Inc.",6,INDUSTRY,
Galderma R&D,galderma,Galderma Brasil Ltda.,6,INDUSTRY,
Zimmer Biomet,zimmer,"Zimmer, GmbH",6,INDUSTRY,
Boston Scientific Corporation,boston,Boston Therapeutics,6,INDUSTRY,
Chiesi Farmaceutici S.p.A.,chiesi,Chiesi UK,6,INDUSTRY,
Chiesi Farmaceutici S.p.A.,chiesi,Chiesi Italia,5,INDUSTRY,
Novartis,novartis,"Corthera, Inc.(formerly BAS Medical, Inc.), a member of the Novartis group of companies",5,INDUSTRY,
Boston Scientific Corporation,boston,"Boston Intelligent Medical Research Center, Shenzhen United Scheme Technology Co., Ltd.",5,INDUSTRY,
Mylan Pharmaceuticals Inc,mylan,Mylan Pharma UK Ltd.,5,INDUSTRY,
Novartis Vaccines,novartis,"Corthera, Inc.(formerly BAS Medical, Inc.), a member of the Novartis group of companies",5,INDUSTRY,
Edwards Lifesciences,edwards,"JC Medical, Inc., an affiliate of Edwards Lifesciences LLC",5,INDUSTRY,
Eisai Inc.,eisai,Eisai China Inc.,5,INDUSTRY,
Ipsen,ipsen,"Albireo, an Ipsen Company",5,INDUSTRY,
Novartis Pharmaceuticals,novartis,"Corthera, Inc.(formerly BAS Medical, Inc.), a member of the Novartis group of companies",5,INDUSTRY,
Zimmer Biomet,zimmer,Zimmer Dental,5,INDUSTRY,
Zimmer Biomet,zimmer,"Zimmer Orthobiologics, Inc.",5,INDUSTRY,
Biogen,biogen,"HI-Bio, A Biogen Company",5,INDUSTRY,
Galderma R&D,galderma,Galderma Laboratorium GmbH,4,INDUSTRY,
"Teva Branded Pharmaceutical Products R&D, Inc.",teva,Teva Pharma GmbH,4,INDUSTRY,
BeiGene,beigene,"BeiGene USA, Inc.",4,INDUSTRY,
Allergan,allergan,"Chase Pharmaceuticals Corporation, an affiliate of Allergan plc",4,INDUSTRY,
Teva Pharmaceuticals USA,teva,Teva Pharma GmbH,4,INDUSTRY,
Chiesi Farmaceutici S.p.A.,chiesi,"Chiesi Slovenija, d.o.o.",4,INDUSTRY,
Chiesi Farmaceutici S.p.A.,chiesi,Chiesi Hungary Ltd.,4,INDUSTRY,
"Smith & Nephew, Inc.",smith,Smith & Nephew Medical (Shanghai) Ltd,4,INDUSTRY,
Bial - Portela C S.A.,bial,"Bial R&D Investments, S.A.",3,INDUSTRY,
Novartis,novartis,"Novartis Slovakia, s.r.o.",3,INDUSTRY,
Eisai Inc.,eisai,Eisai Pharmaceuticals India Pvt. Ltd,3,INDUSTRY,
Edwards Lifesciences,edwards,"Edwards (Shanghai) Lifesciences Medical Supplies Co., Ltd.",3,INDUSTRY,
Novartis Vaccines,novartis,"Novartis Slovakia, s.r.o.",3,INDUSTRY,
Daewoong Pharmaceutical Co. LTD.,daewoong,PT. Daewoong Infion,3,INDUSTRY,
Novo Nordisk A/S,novo,Novo Nordisk Foundation (NNF),3,UNKNOWN,
Novo Nordisk A/S,novo,The Novo Nordisk Foundation,3,UNKNOWN,
Boston Scientific Corporation,boston,Boston Scientific Group,3,UNKNOWN,
"Boryung Pharmaceutical Co., Ltd",boryung,"Boryung Biopharma Co., Ltd.",3,INDUSTRY,
Edwards Lifesciences,edwards,Louise and Alan Edwards Foundation,3,UNKNOWN,
"Smith & Nephew, Inc.",smith,Smith & Nephew Wound Management Inc,3,INDUSTRY,
AstraZeneca,astrazeneca,AstraZeneca Turkey,3,INDUSTRY,
Shire,shire,Shire International GmbH,3,UNKNOWN,
Bristol-Myers Squibb,bristol-myers,"Adnexus, A Bristol-Myers Squibb R&D Company",3,INDUSTRY,
Incyte Corporation,incyte,Incyte Biosciences UK,3,INDUSTRY,
Akeso,akeso,"Akeso Biopharma Co., Ltd.",3,UNKNOWN,
Takeda,takeda,Laboratoires Takeda,3,INDUSTRY,
Novartis Pharmaceuticals,novartis,"Novartis Slovakia, s.r.o.",3,INDUSTRY,
Jazz Pharmaceuticals,jazz,Jazz Pharmaceuticals Research UK Limited,2,INDUSTRY,
Boehringer Ingelheim,boehringer,Alberta Boehringer Ingelheim Collaboration,2,UNKNOWN,
Bristol-Myers Squibb,bristol-myers,"AstraZeneca, Bristol-Myers Squibb",2,UNKNOWN,
Boehringer Ingelheim,boehringer,Boehringer Mannheim,2,INDUSTRY,
"Bausch Health Americas, Inc.",bausch,"Salix Pharmaceuticals, Inc. a division of Bausch Health US, LLC",2,UNKNOWN,
Bial - Portela C S.A.,bial,Bial Foundation,2,UNKNOWN,
Bayer,bayer,Bayer S.p.A,2,UNKNOWN,
Bausch & Lomb Incorporated,bausch,"Salix Pharmaceuticals, Inc. a division of Bausch Health US, LLC",2,UNKNOWN,
UCB Pharma,ucb pharma,UCB PHARMA Inc. (US),2,INDUSTRY,
Novo Nordisk A/S,novo,Novo Cellular Medicine Institute LLP,2,INDUSTRY,
Novo Nordisk A/S,novo,Novo Nordisk Canada Inc.,2,UNKNOWN,
Pfizer's Upjohn has merged with Mylan to form Viatris Inc.,pfizer,Pfizer Pharmaceuticals Ltd.,2,INDUSTRY,
AstraZeneca,astrazeneca,"AstraZeneca, Bristol-Myers Squibb",2,UNKNOWN,
Vertex Pharmaceuticals Incorporated,vertex,"Alpine Immune Sciences Inc, A Subsidiary of Vertex",2,INDUSTRY,
Zimmer Biomet,zimmer,Zimmer Spine,2,INDUSTRY,
Actelion,actelion,Actelion Pharmaceuticals Deutschland GmbH,2,INDUSTRY,
"Chia Tai Tianqing Pharmaceutical Group Co., Ltd.",chia,"Chia Tai Tianqing Pharmaceutical (Guangzhou) Co., Ltd.",2,INDUSTRY,
Pfizer,pfizer,Pfizer Pharmaceuticals Ltd.,2,INDUSTRY,
"Qilu Pharmaceutical Co., Ltd.",qilu,"Qilu Pharmaceutical Group Co., Ltd",2,UNKNOWN,
Eisai Inc.,eisai,Eisai Farmacêutica S.A.,2,INDUSTRY,
"Qilu Pharmaceutical Co., Ltd.",qilu,Qilu Puget Sound Biotherapeutics (dba Sound Biologics),2,INDUSTRY,
"Qilu Pharmaceutical Co., Ltd.",qilu,"Shandong Qilu Cell Therapy Engineering Technology Co., Ltd",2,INDUSTRY,
Incyte Corporation,incyte,Incyte BioSciences France,2,INDUSTRY,
Gilead Sciences,gilead,Kite Pharma (a Gilead Company),2,UNKNOWN,
Shire,shire,"Shire Regenerative Medicine, Inc.",2,INDUSTRY,
"Smith & Nephew, Inc.",smith,John Peter Smith Health Network,2,UNKNOWN,
Société des Produits Nestlé (SPN),société,"SFNDT - Société Francophone de Néphrologie, Dialyse et Transplantation",2,UNKNOWN,
Forest Laboratories,forest,coreLab Black Forest GmbH,2,UNKNOWN,
Forest Laboratories,forest,Forest Hills Lab,2,INDUSTRY,
Société des Produits Nestlé (SPN),société,Société Française de Physiothérapie (SFP).,2,UNKNOWN,
Société des Produits Nestlé (SPN),société,Société Française de Médecine Vasculaire,2,UNKNOWN,
Société des Produits Nestlé (SPN),société,Société Française de Recherche et Médecine du Sommeil (S.F.R.M.S),2,UNKNOWN,
Société des Produits Nestlé (SPN),société,Société Tunisienne de Cardiologie & de Chirurgie Cardio-Vasculaire,2,UNKNOWN,
Forest Laboratories,forest,CoreLab Black Forest,2,UNKNOWN,
Edwards Lifesciences,edwards,The Louise And Alan Edwards Foundation,2,UNKNOWN,
Coloplast A/S,coloplast,Laboratoires Coloplast S.A.S,2,INDUSTRY,
"Dong-A ST Co., Ltd.",dong-a,"Dong-A PharmTech Co., Ltd.",2,INDUSTRY,
Daiichi Sankyo,daiichi,Daiichi Sankyo Taiwan Ltd.,2,INDUSTRY,
Daiichi Sankyo,daiichi,"Daiichi Sankyo Korea Co., Ltd., a Daiichi Sankyo Company",2,INDUSTRY,
"Sumitomo Pharma America, Inc.",sumitomo,Dainippon Sumitomo Pharma America,2,INDUSTRY,
Daewoong Pharmaceutical Co. LTD.,daewoong,Daewoong Group Indonesia,2,INDUSTRY,
"Millennium Pharmaceuticals, Inc.",millennium,MIDAP Millennium Institute for Research in Depression and Personality,2,UNKNOWN,
Daewoong Pharmaceutical Co. LTD.,daewoong,Daewoong Bio Inc.,2,INDUSTRY,
Edwards Lifesciences,edwards,Louise & Alan Edwards Foundation,2,UNKNOWN,
Pfizer's Upjohn has merged with Mylan to form Viatris Inc.,pfizer,Pfizer Inc. (Provider of study drugs),1,UNKNOWN,
Regeneron Pharmaceuticals,regeneron,Sanofi-Regeneron,1,UNKNOWN,
"Sumitomo Pharma America, Inc.",sumitomo,"Sumitomo Heavy Industries, Ltd.",1,UNKNOWN,
ViiV Healthcare,viiv,ViiV Healthcare Australia Pty. Ltd,1,UNKNOWN,
Vertex Pharmaceuticals Incorporated,vertex,VERTEX Pharmaceutical,1,UNKNOWN,
Pfizer,pfizer,"PFIZER, Bratislava, Slovakia",1,UNKNOWN,
UCB Pharma,ucb pharma,"UCB Pharma SA, Belgium",1,INDUSTRY,
"Sumitomo Pharma America, Inc.",sumitomo,Dainippon Sumitomo Pharma Europe LTd.,1,INDUSTRY,
Pfizer,pfizer,Bristol-Meyers Squibb & Pfizer,1,UNKNOWN,
Pfizer,pfizer,Pfizer Grants for Learning and Change,1,UNKNOWN,
Pfizer,pfizer,Pfizer Inc. (Provider of study drugs),1,UNKNOWN,
Pfizer's Upjohn has merged with Mylan to form Viatris Inc.,pfizer,Bristol-Meyers Squibb & Pfizer,1,UNKNOWN,
Pfizer's Upjohn has merged with Mylan to form Viatris Inc.,pfizer,Pfizer Grants for Learning and Change,1,UNKNOWN,
Pfizer's Upjohn has merged with Mylan to form Viatris Inc.,pfizer,"PFIZER, Bratislava, Slovakia",1,UNKNOWN,
AbbVie,abbvie,Janssen Research & Development LLC; Pharmacyclics LLC (An AbbVie Company),1,UNKNOWN,
Organon and Co,organon,Organon Teknika,1,UNKNOWN,
Chong Kun Dang Pharmaceutical,chong,Chong Kun Dang Bio,1,UNKNOWN,
Boehringer Ingelheim,boehringer,"Boehringer Ingelheim (China) Investment Co., Ltd",1,UNKNOWN,
Bristol-Myers Squibb,bristol-myers,Bristol-Myers Squibb Services Unlimited Company,1,UNKNOWN,
Celgene,celgene,Celgene International II S.á.r.l.,1,UNKNOWN,
Celgene,celgene,Celgene a wholly owned subsidiary of BMS,1,UNKNOWN,
Celgene,celgene,"Celgene; Genentech, Inc.",1,UNKNOWN,
Chong Kun Dang Pharmaceutical,chong,"Chong Hua Hospital, Cebu City, Philippines",1,UNKNOWN,
Chong Kun Dang Pharmaceutical,chong,"Chong Hua Hospital, Philippines",1,UNKNOWN,
Coloplast A/S,coloplast,Coloplast NV/SA,1,INDUSTRY,
Organon and Co,organon,Organon Healthcare GmbH,1,UNKNOWN,
Daewoong Pharmaceutical Co. LTD.,daewoong,Daewoong Pharmaceutical Indonesia,1,UNKNOWN,
"Dong-A ST Co., Ltd.",dong-a,Dong-A medical center,1,UNKNOWN,
Eisai Inc.,eisai,EISAI s.r.l.,1,UNKNOWN,
Eli Lilly and Company,eli lilly,"National Institute of Mental Health, Eli Lilly & Co.",1,UNKNOWN,
Ferring Pharmaceuticals,ferring,FERRING Kazakhstan,1,UNKNOWN,
Ferring Pharmaceuticals,ferring,Ferring Ventures,1,UNKNOWN,
Ferring Pharmaceuticals,ferring,Ferring Ventures Limited,1,INDUSTRY,
Biogen,biogen,Biogen-Dompé AG,1,INDUSTRY,
Biogen,biogen,Biogen Netherlands B.V,1,UNKNOWN,
Biogen,biogen,Biogen Idec A/S,1,UNKNOWN,
Biogen,biogen,Biogen Extracts Pvt Ltd,1,UNKNOWN,
Akeso,akeso,"AKESO Clinic, Prague, Czech Republic",1,UNKNOWN,
Akeso,akeso,Akeso Associates,1,UNKNOWN,
Alcon Research,alcon,"Alcon LenSx, Inc.",1,INDUSTRY,
"Alexion Pharmaceuticals, Inc.",alexion,Alexion Pharma Italy s.r.l.,1,UNKNOWN,
Amgen,amgen,Amgen Astellas Biopharma K.K.,1,INDUSTRY,
Amgen,amgen,Amgen Europe B.V,1,UNKNOWN,
Amgen,amgen,"Amgen Ltd., United Kingdom",1,UNKNOWN,
Amgen,amgen,One Amgen Center Drive,1,UNKNOWN,
AstraZeneca,astrazeneca,"AstraZeneca Global R&D (China) Co., Ltd.",1,UNKNOWN,
Bausch & Lomb Incorporated,bausch,Bausch Health Ireland Limited,1,INDUSTRY,
"Bausch Health Americas, Inc.",bausch,Bausch Health Ireland Limited,1,INDUSTRY,
Bayer,bayer,BAYER S.p.A. - Italia,1,UNKNOWN,
Bayer,bayer,Bayer AG (Sponsor),1,UNKNOWN,
BeiGene,beigene,BeiGene (Canada) ULC,1,UNKNOWN,
Bial - Portela C S.A.,bial,Bial Aristegui Italia srl,1,UNKNOWN,
Forest Laboratories,forest,Aceves of Wake Forest University Medical Center,1,UNKNOWN,
Forest Laboratories,forest,Tree and Forest Psychological Counseling Center,1,UNKNOWN,
GE Healthcare,ge healthcare,Canadian Heads of Academic Radiology-GE Healthcare Development Award,1,UNKNOWN,
Hoffmann-La Roche,hoffmann-la,F. Hoffmann-La Roche Ltd; German CLL Study Group (GCLLSG); Dana-Farber Cancer Institute,1,UNKNOWN,
Innovent Biologics (Suzhou) Co. Ltd.,innovent,"Innovent Biologics (USA), Inc.",1,UNKNOWN,
Innovent Biologics (Suzhou) Co. Ltd.,innovent,"Innovent Biopharmaceutical Co., Ltd.",1,UNKNOWN,
Ipsen,ipsen,"Biomeasure Inc, Ipsen Group",1,INDUSTRY,
Ipsen,ipsen,IPSEN PHARMA S.A.S,1,UNKNOWN,
Ipsen,ipsen,"IPSEN pharmaceutical company, Boulogne-Billancourt, France",1,UNKNOWN,
Ipsen,ipsen,"IPSEN, biopharmaceutical group (financial support)",1,UNKNOWN,
"AbbVie (prior sponsor, Abbott)",abbvie,Janssen Research & Development LLC; Pharmacyclics LLC (An AbbVie Company),1,UNKNOWN,
Jazz Pharmaceuticals,jazz,Jazz Pharmaceuticals Research UK Ltd.,1,UNKNOWN,
LEO Pharma,leo pharma,"LEO Pharma GmbH, Neu-Isenburg, Germany",1,UNKNOWN,
"Millennium Pharmaceuticals, Inc.",millennium,"ANID - Millennium Science Initiative Program - NCS17_03 Millennium Nucleus to Improve the Mental Health of Adolescents and Youths (Imhay), Santiago, Chile",1,UNKNOWN,
"Millennium Pharmaceuticals, Inc.",millennium,Millennium Institute for Research in Depression and Personality (MIDAP),1,UNKNOWN,
"Millennium Pharmaceuticals, Inc.",millennium,Millennium Laboratories,1,UNKNOWN,
Organon and Co,organon,Laboratoires Organon,1,UNKNOWN,
Organon and Co,organon,"ORGANON (SHANGHAI) PHARMACEUTICAL TECHNOLOGY CO., LTD.",1,UNKNOWN,
Organon and Co,organon,Organon GmbH (former name),1,UNKNOWN,
Incyte Corporation,incyte,Incyte Biosciences Benelux,1,INDUSTRY,
Hamad Medical Corporation,hamad,"Hamad Medical Corporation, Heart Hospital -Doha-Qatar",1,UNKNOWN,
GE Healthcare,ge healthcare,GE Healthcare Finland Ltd,1,UNKNOWN,
Hamad Medical Corporation,hamad,Hamad Bin Khalifa University,1,UNKNOWN,
"Genentech, Inc.",genentech,"Celgene; Genentech, Inc.",1,UNKNOWN,
"Genentech, Inc.",genentech,Genentech Foundation,1,UNKNOWN,
"Genentech, Inc.",genentech,Genentech and Biogen IDEC,1,UNKNOWN,
"Genentech, Inc.",genentech,"Genentech, Inc., a subsidiary of F. Hoffman-La Roche AG",1,UNKNOWN,
"Genzyme, a Sanofi Company",genzyme,Diacrin/Genzyme Corporation LLC,1,INDUSTRY,
"Genzyme, a Sanofi Company",genzyme,Genzyme Europe B.V.,1,UNKNOWN,
"Genzyme, a Sanofi Company",genzyme,laboratoire Genzyme,1,UNKNOWN,
Gilead Sciences,gilead,"Gilead Sciences, Inc., GlaxoSmithKline plc, Seattle Genetics and Astellas",1,UNKNOWN,
Gilead Sciences,gilead,"Merck KGaA, Darmstadt, Germany; Gilead Sciences; Nektar Therapeutics",1,UNKNOWN,
Gilead Sciences,gilead,"Tmunity Therapeutics, a wholly owned subsidiary of Kite Pharma (a Gilead company)",1,UNKNOWN,
GlaxoSmithKline,glaxosmithkline,"Gilead Sciences, Inc., GlaxoSmithKline plc, Seattle Genetics and Astellas",1,UNKNOWN,
GlaxoSmithKline,glaxosmithkline,"GlaxoSmithKline AG, Switzerland",1,UNKNOWN,
GlaxoSmithKline,glaxosmithkline,"GlaxoSmithKline GmbH & Co. KG (Munich, Germany)",1,UNKNOWN,
GlaxoSmithKline,glaxosmithkline,GlaxoSmithKline Research and Education Foundation for Cardiovascular Disease,1,UNKNOWN,
GlaxoSmithKline,glaxosmithkline,Glaxosmithkline Biologicals S.A.,1,UNKNOWN,
Zimmer Biomet,zimmer,"Zimmer Medical Devices (Shanghai) Co., Ltd.",1,UNKNOWN,
