rank,name,n_lead_trials,n_any_trials,roles,normalized_pattern,suggested_rule_type,parsed_parent,draft_rule_line,rules_sha256,cohort_extracted_at
1,Masimo Corporation,89,93,"collaborator,lead",masimo,exact_normalized,,"<canonical>,exact_normalized,""masimo"",attribute,no,""<initials> <date>: <why>""",3e13bc5926f6f8bc5025151c60ea7dc8f40a5f7b8d7a209026ba29472e70601c,2026-08-30T11:50:37.583869+00:00
2,"Pacira Pharmaceuticals, Inc",67,85,"collaborator,lead",pacira pharmaceuticals,exact_normalized,,"<canonical>,exact_normalized,""pacira pharmaceuticals"",attribute,no,""<initials> <date>: <why>""",3e13bc5926f6f8bc5025151c60ea7dc8f40a5f7b8d7a209026ba29472e70601c,2026-08-30T11:50:37.583869+00:00
3,C. R. Bard,64,67,"collaborator,lead",c r bard,exact_normalized,,"<canonical>,exact_normalized,""c r bard"",attribute,no,""<initials> <date>: <why>""",3e13bc5926f6f8bc5025151c60ea7dc8f40a5f7b8d7a209026ba29472e70601c,2026-08-30T11:50:37.583869+00:00
4,Baxalta now part of Shire,60,60,lead,baxalta now part of shire,exact_normalized,,"<canonical>,exact_normalized,""baxalta now part of shire"",attribute,no,""<initials> <date>: <why>""",3e13bc5926f6f8bc5025151c60ea7dc8f40a5f7b8d7a209026ba29472e70601c,2026-08-30T11:50:37.583869+00:00
5,"Medtronic MiniMed, Inc.",57,59,"collaborator,lead",medtronic minimed,exact_normalized,,"<canonical>,exact_normalized,""medtronic minimed"",attribute,no,""<initials> <date>: <why>""",3e13bc5926f6f8bc5025151c60ea7dc8f40a5f7b8d7a209026ba29472e70601c,2026-08-30T11:50:37.583869+00:00
6,W.L.Gore & Associates,57,57,lead,w l gore and associates,exact_normalized,,"<canonical>,exact_normalized,""w l gore and associates"",attribute,no,""<initials> <date>: <why>""",3e13bc5926f6f8bc5025151c60ea7dc8f40a5f7b8d7a209026ba29472e70601c,2026-08-30T11:50:37.583869+00:00
7,"EMD Serono Research & Development Institute, Inc.",56,59,"collaborator,lead",emd serono research and development institute,exact_normalized,,"<canonical>,exact_normalized,""emd serono research and development institute"",attribute,no,""<initials> <date>: <why>""",3e13bc5926f6f8bc5025151c60ea7dc8f40a5f7b8d7a209026ba29472e70601c,2026-08-30T11:50:37.583869+00:00
8,Shionogi,55,76,"collaborator,lead",shionogi,exact_normalized,,"<canonical>,exact_normalized,""shionogi"",attribute,no,""<initials> <date>: <why>""",3e13bc5926f6f8bc5025151c60ea7dc8f40a5f7b8d7a209026ba29472e70601c,2026-08-30T11:50:37.583869+00:00
9,Cochlear,54,56,"collaborator,lead",cochlear,exact_normalized,,"<canonical>,exact_normalized,""cochlear"",attribute,no,""<initials> <date>: <why>""",3e13bc5926f6f8bc5025151c60ea7dc8f40a5f7b8d7a209026ba29472e70601c,2026-08-30T11:50:37.583869+00:00
10,CIBA VISION,47,48,"collaborator,lead",ciba vision,exact_normalized,,"<canonical>,exact_normalized,""ciba vision"",attribute,no,""<initials> <date>: <why>""",3e13bc5926f6f8bc5025151c60ea7dc8f40a5f7b8d7a209026ba29472e70601c,2026-08-30T11:50:37.583869+00:00
11,"Endo USA Inc., a Keenova Therapeutics Company",47,61,"collaborator,lead",endo usa inc a keenova therapeutics,exact_normalized,,"<canonical>,exact_normalized,""endo usa inc a keenova therapeutics"",attribute,no,""<initials> <date>: <why>""",3e13bc5926f6f8bc5025151c60ea7dc8f40a5f7b8d7a209026ba29472e70601c,2026-08-30T11:50:37.583869+00:00
12,BioMarin Pharmaceutical,46,61,"collaborator,lead",biomarin pharmaceutical,exact_normalized,,"<canonical>,exact_normalized,""biomarin pharmaceutical"",attribute,no,""<initials> <date>: <why>""",3e13bc5926f6f8bc5025151c60ea7dc8f40a5f7b8d7a209026ba29472e70601c,2026-08-30T11:50:37.583869+00:00
13,Mallinckrodt,45,89,"collaborator,lead",mallinckrodt,exact_normalized,,"<canonical>,exact_normalized,""mallinckrodt"",attribute,no,""<initials> <date>: <why>""",3e13bc5926f6f8bc5025151c60ea7dc8f40a5f7b8d7a209026ba29472e70601c,2026-08-30T11:50:37.583869+00:00
14,Avid Radiopharmaceuticals,43,45,"collaborator,lead",avid radiopharmaceuticals,exact_normalized,,"<canonical>,exact_normalized,""avid radiopharmaceuticals"",attribute,no,""<initials> <date>: <why>""",3e13bc5926f6f8bc5025151c60ea7dc8f40a5f7b8d7a209026ba29472e70601c,2026-08-30T11:50:37.583869+00:00
15,Octapharma,43,45,"collaborator,lead",octapharma,exact_normalized,,"<canonical>,exact_normalized,""octapharma"",attribute,no,""<initials> <date>: <why>""",3e13bc5926f6f8bc5025151c60ea7dc8f40a5f7b8d7a209026ba29472e70601c,2026-08-30T11:50:37.583869+00:00
16,Dompé Farmaceutici S.p.A,42,42,lead,dompé farmaceutici s p a,exact_normalized,,"<canonical>,exact_normalized,""dompé farmaceutici s p a"",attribute,no,""<initials> <date>: <why>""",3e13bc5926f6f8bc5025151c60ea7dc8f40a5f7b8d7a209026ba29472e70601c,2026-08-30T11:50:37.583869+00:00
17,Medtronic Cardiovascular,42,42,lead,medtronic cardiovascular,exact_normalized,,"<canonical>,exact_normalized,""medtronic cardiovascular"",attribute,no,""<initials> <date>: <why>""",3e13bc5926f6f8bc5025151c60ea7dc8f40a5f7b8d7a209026ba29472e70601c,2026-08-30T11:50:37.583869+00:00
18,"Mutual Pharmaceutical Company, Inc.",42,42,lead,mutual pharmaceutical,exact_normalized,,"<canonical>,exact_normalized,""mutual pharmaceutical"",attribute,no,""<initials> <date>: <why>""",3e13bc5926f6f8bc5025151c60ea7dc8f40a5f7b8d7a209026ba29472e70601c,2026-08-30T11:50:37.583869+00:00
19,Ascensia Diabetes Care,41,42,"collaborator,lead",ascensia diabetes care,exact_normalized,,"<canonical>,exact_normalized,""ascensia diabetes care"",attribute,no,""<initials> <date>: <why>""",3e13bc5926f6f8bc5025151c60ea7dc8f40a5f7b8d7a209026ba29472e70601c,2026-08-30T11:50:37.583869+00:00
20,Integra LifeSciences Corporation,41,51,"collaborator,lead",integra lifesciences,exact_normalized,,"<canonical>,exact_normalized,""integra lifesciences"",attribute,no,""<initials> <date>: <why>""",3e13bc5926f6f8bc5025151c60ea7dc8f40a5f7b8d7a209026ba29472e70601c,2026-08-30T11:50:37.583869+00:00
21,Neurocrine Biosciences,40,40,lead,neurocrine biosciences,exact_normalized,,"<canonical>,exact_normalized,""neurocrine biosciences"",attribute,no,""<initials> <date>: <why>""",3e13bc5926f6f8bc5025151c60ea7dc8f40a5f7b8d7a209026ba29472e70601c,2026-08-30T11:50:37.583869+00:00
22,Purdue Pharma LP,40,48,"collaborator,lead",purdue pharma lp,exact_normalized,,"<canonical>,exact_normalized,""purdue pharma lp"",attribute,no,""<initials> <date>: <why>""",3e13bc5926f6f8bc5025151c60ea7dc8f40a5f7b8d7a209026ba29472e70601c,2026-08-30T11:50:37.583869+00:00
23,Erchonia Corporation,39,40,"collaborator,lead",erchonia,exact_normalized,,"<canonical>,exact_normalized,""erchonia"",attribute,no,""<initials> <date>: <why>""",3e13bc5926f6f8bc5025151c60ea7dc8f40a5f7b8d7a209026ba29472e70601c,2026-08-30T11:50:37.583869+00:00
24,United Therapeutics,39,52,"collaborator,lead",united therapeutics,exact_normalized,,"<canonical>,exact_normalized,""united therapeutics"",attribute,no,""<initials> <date>: <why>""",3e13bc5926f6f8bc5025151c60ea7dc8f40a5f7b8d7a209026ba29472e70601c,2026-08-30T11:50:37.583869+00:00
25,"American Regent, Inc.",38,43,"collaborator,lead",american regent,exact_normalized,,"<canonical>,exact_normalized,""american regent"",attribute,no,""<initials> <date>: <why>""",3e13bc5926f6f8bc5025151c60ea7dc8f40a5f7b8d7a209026ba29472e70601c,2026-08-30T11:50:37.583869+00:00
26,MedtronicNeuro,38,38,lead,medtronicneuro,exact_normalized,,"<canonical>,exact_normalized,""medtronicneuro"",attribute,no,""<initials> <date>: <why>""",3e13bc5926f6f8bc5025151c60ea7dc8f40a5f7b8d7a209026ba29472e70601c,2026-08-30T11:50:37.583869+00:00
27,Procter and Gamble,38,46,"collaborator,lead",procter and gamble,exact_normalized,,"<canonical>,exact_normalized,""procter and gamble"",attribute,no,""<initials> <date>: <why>""",3e13bc5926f6f8bc5025151c60ea7dc8f40a5f7b8d7a209026ba29472e70601c,2026-08-30T11:50:37.583869+00:00
28,Solventum US LLC,38,38,lead,solventum us,exact_normalized,,"<canonical>,exact_normalized,""solventum us"",attribute,no,""<initials> <date>: <why>""",3e13bc5926f6f8bc5025151c60ea7dc8f40a5f7b8d7a209026ba29472e70601c,2026-08-30T11:50:37.583869+00:00
29,"Biosense Webster, Inc.",37,53,"collaborator,lead",biosense webster,exact_normalized,,"<canonical>,exact_normalized,""biosense webster"",attribute,no,""<initials> <date>: <why>""",3e13bc5926f6f8bc5025151c60ea7dc8f40a5f7b8d7a209026ba29472e70601c,2026-08-30T11:50:37.583869+00:00
30,HALEON,37,38,"collaborator,lead",haleon,exact_normalized,,"<canonical>,exact_normalized,""haleon"",attribute,no,""<initials> <date>: <why>""",3e13bc5926f6f8bc5025151c60ea7dc8f40a5f7b8d7a209026ba29472e70601c,2026-08-30T11:50:37.583869+00:00
31,Janssen Vaccines & Prevention B.V.,37,37,lead,janssen vaccines and prevention b v,exact_normalized,,"<canonical>,exact_normalized,""janssen vaccines and prevention b v"",attribute,no,""<initials> <date>: <why>""",3e13bc5926f6f8bc5025151c60ea7dc8f40a5f7b8d7a209026ba29472e70601c,2026-08-30T11:50:37.583869+00:00
32,"Supernus Pharmaceuticals, Inc.",37,39,"collaborator,lead",supernus pharmaceuticals,exact_normalized,,"<canonical>,exact_normalized,""supernus pharmaceuticals"",attribute,no,""<initials> <date>: <why>""",3e13bc5926f6f8bc5025151c60ea7dc8f40a5f7b8d7a209026ba29472e70601c,2026-08-30T11:50:37.583869+00:00
33,Cutera Inc.,36,36,lead,cutera,exact_normalized,,"<canonical>,exact_normalized,""cutera"",attribute,no,""<initials> <date>: <why>""",3e13bc5926f6f8bc5025151c60ea7dc8f40a5f7b8d7a209026ba29472e70601c,2026-08-30T11:50:37.583869+00:00
34,ResMed,36,40,"collaborator,lead",resmed,exact_normalized,,"<canonical>,exact_normalized,""resmed"",attribute,no,""<initials> <date>: <why>""",3e13bc5926f6f8bc5025151c60ea7dc8f40a5f7b8d7a209026ba29472e70601c,2026-08-30T11:50:37.583869+00:00
35,"Stiefel, a GSK Company",36,38,"collaborator,lead",stiefel a gsk,exact_normalized,,"<canonical>,exact_normalized,""stiefel a gsk"",attribute,no,""<initials> <date>: <why>""",3e13bc5926f6f8bc5025151c60ea7dc8f40a5f7b8d7a209026ba29472e70601c,2026-08-30T11:50:37.583869+00:00
36,Sun Pharmaceutical Industries Limited,36,37,"collaborator,lead",sun pharmaceutical industries,exact_normalized,,"<canonical>,exact_normalized,""sun pharmaceutical industries"",attribute,no,""<initials> <date>: <why>""",3e13bc5926f6f8bc5025151c60ea7dc8f40a5f7b8d7a209026ba29472e70601c,2026-08-30T11:50:37.583869+00:00
37,"Alkermes, Inc.",35,48,"collaborator,lead",alkermes,exact_normalized,,"<canonical>,exact_normalized,""alkermes"",attribute,no,""<initials> <date>: <why>""",3e13bc5926f6f8bc5025151c60ea7dc8f40a5f7b8d7a209026ba29472e70601c,2026-08-30T11:50:37.583869+00:00
38,Cumberland Pharmaceuticals,34,37,"collaborator,lead",cumberland pharmaceuticals,exact_normalized,,"<canonical>,exact_normalized,""cumberland pharmaceuticals"",attribute,no,""<initials> <date>: <why>""",3e13bc5926f6f8bc5025151c60ea7dc8f40a5f7b8d7a209026ba29472e70601c,2026-08-30T11:50:37.583869+00:00
39,Grifols Therapeutics LLC,34,37,"collaborator,lead",grifols therapeutics,exact_normalized,,"<canonical>,exact_normalized,""grifols therapeutics"",attribute,no,""<initials> <date>: <why>""",3e13bc5926f6f8bc5025151c60ea7dc8f40a5f7b8d7a209026ba29472e70601c,2026-08-30T11:50:37.583869+00:00
40,"Merz North America, Inc.",34,40,"collaborator,lead",merz north america,exact_normalized,,"<canonical>,exact_normalized,""merz north america"",attribute,no,""<initials> <date>: <why>""",3e13bc5926f6f8bc5025151c60ea7dc8f40a5f7b8d7a209026ba29472e70601c,2026-08-30T11:50:37.583869+00:00
41,Molnlycke Health Care AB,34,35,"collaborator,lead",molnlycke health care,exact_normalized,,"<canonical>,exact_normalized,""molnlycke health care"",attribute,no,""<initials> <date>: <why>""",3e13bc5926f6f8bc5025151c60ea7dc8f40a5f7b8d7a209026ba29472e70601c,2026-08-30T11:50:37.583869+00:00
42,Philips Respironics,34,37,"collaborator,lead",philips respironics,exact_normalized,,"<canonical>,exact_normalized,""philips respironics"",attribute,no,""<initials> <date>: <why>""",3e13bc5926f6f8bc5025151c60ea7dc8f40a5f7b8d7a209026ba29472e70601c,2026-08-30T11:50:37.583869+00:00
43,Repros Therapeutics Inc.,34,34,lead,repros therapeutics,exact_normalized,,"<canonical>,exact_normalized,""repros therapeutics"",attribute,no,""<initials> <date>: <why>""",3e13bc5926f6f8bc5025151c60ea7dc8f40a5f7b8d7a209026ba29472e70601c,2026-08-30T11:50:37.583869+00:00
44,Swedish Orphan Biovitrum,34,44,"collaborator,lead",swedish orphan biovitrum,exact_normalized,,"<canonical>,exact_normalized,""swedish orphan biovitrum"",attribute,no,""<initials> <date>: <why>""",3e13bc5926f6f8bc5025151c60ea7dc8f40a5f7b8d7a209026ba29472e70601c,2026-08-30T11:50:37.583869+00:00
45,Materia Medica Holding,33,33,lead,materia medica holding,exact_normalized,,"<canonical>,exact_normalized,""materia medica holding"",attribute,no,""<initials> <date>: <why>""",3e13bc5926f6f8bc5025151c60ea7dc8f40a5f7b8d7a209026ba29472e70601c,2026-08-30T11:50:37.583869+00:00
46,"ModernaTX, Inc.",33,39,"collaborator,lead",modernatx,exact_normalized,,"<canonical>,exact_normalized,""modernatx"",attribute,no,""<initials> <date>: <why>""",3e13bc5926f6f8bc5025151c60ea7dc8f40a5f7b8d7a209026ba29472e70601c,2026-08-30T11:50:37.583869+00:00
47,PTC Therapeutics,33,35,"collaborator,lead",ptc therapeutics,exact_normalized,,"<canonical>,exact_normalized,""ptc therapeutics"",attribute,no,""<initials> <date>: <why>""",3e13bc5926f6f8bc5025151c60ea7dc8f40a5f7b8d7a209026ba29472e70601c,2026-08-30T11:50:37.583869+00:00
48,"Pearl Therapeutics, Inc.",33,33,lead,pearl therapeutics,exact_normalized,,"<canonical>,exact_normalized,""pearl therapeutics"",attribute,no,""<initials> <date>: <why>""",3e13bc5926f6f8bc5025151c60ea7dc8f40a5f7b8d7a209026ba29472e70601c,2026-08-30T11:50:37.583869+00:00
49,Seqirus,33,35,"collaborator,lead",seqirus,exact_normalized,,"<canonical>,exact_normalized,""seqirus"",attribute,no,""<initials> <date>: <why>""",3e13bc5926f6f8bc5025151c60ea7dc8f40a5f7b8d7a209026ba29472e70601c,2026-08-30T11:50:37.583869+00:00
50,Stryker Orthopaedics,33,39,"collaborator,lead",stryker orthopaedics,exact_normalized,,"<canonical>,exact_normalized,""stryker orthopaedics"",attribute,no,""<initials> <date>: <why>""",3e13bc5926f6f8bc5025151c60ea7dc8f40a5f7b8d7a209026ba29472e70601c,2026-08-30T11:50:37.583869+00:00
51,Zeltiq Aesthetics,33,33,lead,zeltiq aesthetics,exact_normalized,,"<canonical>,exact_normalized,""zeltiq aesthetics"",attribute,no,""<initials> <date>: <why>""",3e13bc5926f6f8bc5025151c60ea7dc8f40a5f7b8d7a209026ba29472e70601c,2026-08-30T11:50:37.583869+00:00
52,"Cynosure, Inc.",32,32,lead,cynosure,exact_normalized,,"<canonical>,exact_normalized,""cynosure"",attribute,no,""<initials> <date>: <why>""",3e13bc5926f6f8bc5025151c60ea7dc8f40a5f7b8d7a209026ba29472e70601c,2026-08-30T11:50:37.583869+00:00
53,Guerbet,32,37,"collaborator,lead",guerbet,exact_normalized,,"<canonical>,exact_normalized,""guerbet"",attribute,no,""<initials> <date>: <why>""",3e13bc5926f6f8bc5025151c60ea7dc8f40a5f7b8d7a209026ba29472e70601c,2026-08-30T11:50:37.583869+00:00
54,Laboratorios Sophia S.A de C.V.,32,32,lead,laboratorios sophia s a de c v,exact_normalized,,"<canonical>,exact_normalized,""laboratorios sophia s a de c v"",attribute,no,""<initials> <date>: <why>""",3e13bc5926f6f8bc5025151c60ea7dc8f40a5f7b8d7a209026ba29472e70601c,2026-08-30T11:50:37.583869+00:00
55,Lexicon Pharmaceuticals,32,33,"collaborator,lead",lexicon pharmaceuticals,exact_normalized,,"<canonical>,exact_normalized,""lexicon pharmaceuticals"",attribute,no,""<initials> <date>: <why>""",3e13bc5926f6f8bc5025151c60ea7dc8f40a5f7b8d7a209026ba29472e70601c,2026-08-30T11:50:37.583869+00:00
56,Philip Morris Products S.A.,32,33,"collaborator,lead",philip morris products s a,exact_normalized,,"<canonical>,exact_normalized,""philip morris products s a"",attribute,no,""<initials> <date>: <why>""",3e13bc5926f6f8bc5025151c60ea7dc8f40a5f7b8d7a209026ba29472e70601c,2026-08-30T11:50:37.583869+00:00
57,Seagen Inc.,32,59,"collaborator,lead",seagen,exact_normalized,,"<canonical>,exact_normalized,""seagen"",attribute,no,""<initials> <date>: <why>""",3e13bc5926f6f8bc5025151c60ea7dc8f40a5f7b8d7a209026ba29472e70601c,2026-08-30T11:50:37.583869+00:00
58,Sonova AG,32,32,lead,sonova,exact_normalized,,"<canonical>,exact_normalized,""sonova"",attribute,no,""<initials> <date>: <why>""",3e13bc5926f6f8bc5025151c60ea7dc8f40a5f7b8d7a209026ba29472e70601c,2026-08-30T11:50:37.583869+00:00
59,Actavis Inc.,31,34,"collaborator,lead",actavis,exact_normalized,,"<canonical>,exact_normalized,""actavis"",attribute,no,""<initials> <date>: <why>""",3e13bc5926f6f8bc5025151c60ea7dc8f40a5f7b8d7a209026ba29472e70601c,2026-08-30T11:50:37.583869+00:00
60,Celltrion,31,31,lead,celltrion,exact_normalized,,"<canonical>,exact_normalized,""celltrion"",attribute,no,""<initials> <date>: <why>""",3e13bc5926f6f8bc5025151c60ea7dc8f40a5f7b8d7a209026ba29472e70601c,2026-08-30T11:50:37.583869+00:00
61,Ethicon Endo-Surgery,31,35,"collaborator,lead",ethicon endo-surgery,exact_normalized,,"<canonical>,exact_normalized,""ethicon endo-surgery"",attribute,no,""<initials> <date>: <why>""",3e13bc5926f6f8bc5025151c60ea7dc8f40a5f7b8d7a209026ba29472e70601c,2026-08-30T11:50:37.583869+00:00
62,Medtronic Endovascular,31,31,lead,medtronic endovascular,exact_normalized,,"<canonical>,exact_normalized,""medtronic endovascular"",attribute,no,""<initials> <date>: <why>""",3e13bc5926f6f8bc5025151c60ea7dc8f40a5f7b8d7a209026ba29472e70601c,2026-08-30T11:50:37.583869+00:00
63,Pharmacyclics LLC.,31,63,"collaborator,lead",pharmacyclics,exact_normalized,,"<canonical>,exact_normalized,""pharmacyclics"",attribute,no,""<initials> <date>: <why>""",3e13bc5926f6f8bc5025151c60ea7dc8f40a5f7b8d7a209026ba29472e70601c,2026-08-30T11:50:37.583869+00:00
64,Warner Chilcott,31,31,lead,warner chilcott,exact_normalized,,"<canonical>,exact_normalized,""warner chilcott"",attribute,no,""<initials> <date>: <why>""",3e13bc5926f6f8bc5025151c60ea7dc8f40a5f7b8d7a209026ba29472e70601c,2026-08-30T11:50:37.583869+00:00
65,Abbott Medical Optics,30,34,"collaborator,lead",abbott medical optics,exact_normalized,,"<canonical>,exact_normalized,""abbott medical optics"",attribute,no,""<initials> <date>: <why>""",3e13bc5926f6f8bc5025151c60ea7dc8f40a5f7b8d7a209026ba29472e70601c,2026-08-30T11:50:37.583869+00:00
66,"Ethicon, Inc.",30,39,"collaborator,lead",ethicon,exact_normalized,,"<canonical>,exact_normalized,""ethicon"",attribute,no,""<initials> <date>: <why>""",3e13bc5926f6f8bc5025151c60ea7dc8f40a5f7b8d7a209026ba29472e70601c,2026-08-30T11:50:37.583869+00:00
67,Vanda Pharmaceuticals,30,32,"collaborator,lead",vanda pharmaceuticals,exact_normalized,,"<canonical>,exact_normalized,""vanda pharmaceuticals"",attribute,no,""<initials> <date>: <why>""",3e13bc5926f6f8bc5025151c60ea7dc8f40a5f7b8d7a209026ba29472e70601c,2026-08-30T11:50:37.583869+00:00
68,ACADIA Pharmaceuticals Inc.,29,29,lead,acadia pharmaceuticals,exact_normalized,,"<canonical>,exact_normalized,""acadia pharmaceuticals"",attribute,no,""<initials> <date>: <why>""",3e13bc5926f6f8bc5025151c60ea7dc8f40a5f7b8d7a209026ba29472e70601c,2026-08-30T11:50:37.583869+00:00
69,Cephalon,29,63,"collaborator,lead",cephalon,exact_normalized,,"<canonical>,exact_normalized,""cephalon"",attribute,no,""<initials> <date>: <why>""",3e13bc5926f6f8bc5025151c60ea7dc8f40a5f7b8d7a209026ba29472e70601c,2026-08-30T11:50:37.583869+00:00
70,Colgate Palmolive,29,35,"collaborator,lead",colgate palmolive,exact_normalized,,"<canonical>,exact_normalized,""colgate palmolive"",attribute,no,""<initials> <date>: <why>""",3e13bc5926f6f8bc5025151c60ea7dc8f40a5f7b8d7a209026ba29472e70601c,2026-08-30T11:50:37.583869+00:00
71,Fisher and Paykel Healthcare,29,35,"collaborator,lead",fisher and paykel healthcare,exact_normalized,,"<canonical>,exact_normalized,""fisher and paykel healthcare"",attribute,no,""<initials> <date>: <why>""",3e13bc5926f6f8bc5025151c60ea7dc8f40a5f7b8d7a209026ba29472e70601c,2026-08-30T11:50:37.583869+00:00
72,PharmaMar,29,42,"collaborator,lead",pharmamar,exact_normalized,,"<canonical>,exact_normalized,""pharmamar"",attribute,no,""<initials> <date>: <why>""",3e13bc5926f6f8bc5025151c60ea7dc8f40a5f7b8d7a209026ba29472e70601c,2026-08-30T11:50:37.583869+00:00
73,UCB Biopharma S.P.R.L.,29,29,lead,ucb biopharma s p r l,exact_normalized,,"<canonical>,exact_normalized,""ucb biopharma s p r l"",attribute,no,""<initials> <date>: <why>""",3e13bc5926f6f8bc5025151c60ea7dc8f40a5f7b8d7a209026ba29472e70601c,2026-08-30T11:50:37.583869+00:00
74,"Aclaris Therapeutics, Inc.",28,28,lead,aclaris therapeutics,exact_normalized,,"<canonical>,exact_normalized,""aclaris therapeutics"",attribute,no,""<initials> <date>: <why>""",3e13bc5926f6f8bc5025151c60ea7dc8f40a5f7b8d7a209026ba29472e70601c,2026-08-30T11:50:37.583869+00:00
75,"Aldeyra Therapeutics, Inc.",28,28,lead,aldeyra therapeutics,exact_normalized,,"<canonical>,exact_normalized,""aldeyra therapeutics"",attribute,no,""<initials> <date>: <why>""",3e13bc5926f6f8bc5025151c60ea7dc8f40a5f7b8d7a209026ba29472e70601c,2026-08-30T11:50:37.583869+00:00
76,BioNTech SE,28,32,"collaborator,lead",biontech se,exact_normalized,,"<canonical>,exact_normalized,""biontech se"",attribute,no,""<initials> <date>: <why>""",3e13bc5926f6f8bc5025151c60ea7dc8f40a5f7b8d7a209026ba29472e70601c,2026-08-30T11:50:37.583869+00:00
77,Grünenthal GmbH,28,45,"collaborator,lead",grünenthal,exact_normalized,,"<canonical>,exact_normalized,""grünenthal"",attribute,no,""<initials> <date>: <why>""",3e13bc5926f6f8bc5025151c60ea7dc8f40a5f7b8d7a209026ba29472e70601c,2026-08-30T11:50:37.583869+00:00
78,Indivior Inc.,28,29,"collaborator,lead",indivior,exact_normalized,,"<canonical>,exact_normalized,""indivior"",attribute,no,""<initials> <date>: <why>""",3e13bc5926f6f8bc5025151c60ea7dc8f40a5f7b8d7a209026ba29472e70601c,2026-08-30T11:50:37.583869+00:00
79,Medline Industries,28,31,"collaborator,lead",medline industries,exact_normalized,,"<canonical>,exact_normalized,""medline industries"",attribute,no,""<initials> <date>: <why>""",3e13bc5926f6f8bc5025151c60ea7dc8f40a5f7b8d7a209026ba29472e70601c,2026-08-30T11:50:37.583869+00:00
80,Mylan Inc.,28,31,"collaborator,lead",mylan,exact_normalized,,"<canonical>,exact_normalized,""mylan"",attribute,no,""<initials> <date>: <why>""",3e13bc5926f6f8bc5025151c60ea7dc8f40a5f7b8d7a209026ba29472e70601c,2026-08-30T11:50:37.583869+00:00
81,Bavarian Nordic,27,33,"collaborator,lead",bavarian nordic,exact_normalized,,"<canonical>,exact_normalized,""bavarian nordic"",attribute,no,""<initials> <date>: <why>""",3e13bc5926f6f8bc5025151c60ea7dc8f40a5f7b8d7a209026ba29472e70601c,2026-08-30T11:50:37.583869+00:00
82,"Spectrum Pharmaceuticals, Inc",27,41,"collaborator,lead",spectrum pharmaceuticals,exact_normalized,,"<canonical>,exact_normalized,""spectrum pharmaceuticals"",attribute,no,""<initials> <date>: <why>""",3e13bc5926f6f8bc5025151c60ea7dc8f40a5f7b8d7a209026ba29472e70601c,2026-08-30T11:50:37.583869+00:00
83,"Biotronik, Inc.",26,30,"collaborator,lead",biotronik,exact_normalized,,"<canonical>,exact_normalized,""biotronik"",attribute,no,""<initials> <date>: <why>""",3e13bc5926f6f8bc5025151c60ea7dc8f40a5f7b8d7a209026ba29472e70601c,2026-08-30T11:50:37.583869+00:00
84,"Centocor, Inc.",26,50,"collaborator,lead",centocor,exact_normalized,,"<canonical>,exact_normalized,""centocor"",attribute,no,""<initials> <date>: <why>""",3e13bc5926f6f8bc5025151c60ea7dc8f40a5f7b8d7a209026ba29472e70601c,2026-08-30T11:50:37.583869+00:00
85,R-Pharm,26,29,"collaborator,lead",r-pharm,exact_normalized,,"<canonical>,exact_normalized,""r-pharm"",attribute,no,""<initials> <date>: <why>""",3e13bc5926f6f8bc5025151c60ea7dc8f40a5f7b8d7a209026ba29472e70601c,2026-08-30T11:50:37.583869+00:00
86,Acorda Therapeutics,25,34,"collaborator,lead",acorda therapeutics,exact_normalized,,"<canonical>,exact_normalized,""acorda therapeutics"",attribute,no,""<initials> <date>: <why>""",3e13bc5926f6f8bc5025151c60ea7dc8f40a5f7b8d7a209026ba29472e70601c,2026-08-30T11:50:37.583869+00:00
87,Dentsply Sirona Implants and Consumables,25,31,"collaborator,lead",dentsply sirona implants and consumables,exact_normalized,,"<canonical>,exact_normalized,""dentsply sirona implants and consumables"",attribute,no,""<initials> <date>: <why>""",3e13bc5926f6f8bc5025151c60ea7dc8f40a5f7b8d7a209026ba29472e70601c,2026-08-30T11:50:37.583869+00:00
88,Healthpoint,25,27,"collaborator,lead",healthpoint,exact_normalized,,"<canonical>,exact_normalized,""healthpoint"",attribute,no,""<initials> <date>: <why>""",3e13bc5926f6f8bc5025151c60ea7dc8f40a5f7b8d7a209026ba29472e70601c,2026-08-30T11:50:37.583869+00:00
89,Menarini Group,25,28,"collaborator,lead",menarini group,exact_normalized,,"<canonical>,exact_normalized,""menarini group"",attribute,no,""<initials> <date>: <why>""",3e13bc5926f6f8bc5025151c60ea7dc8f40a5f7b8d7a209026ba29472e70601c,2026-08-30T11:50:37.583869+00:00
90,Padagis LLC,25,25,lead,padagis,exact_normalized,,"<canonical>,exact_normalized,""padagis"",attribute,no,""<initials> <date>: <why>""",3e13bc5926f6f8bc5025151c60ea7dc8f40a5f7b8d7a209026ba29472e70601c,2026-08-30T11:50:37.583869+00:00
91,"Sun Pharmaceutical Industries, Inc.",25,27,"collaborator,lead",sun pharmaceutical industries,exact_normalized,,"<canonical>,exact_normalized,""sun pharmaceutical industries"",attribute,no,""<initials> <date>: <why>""",3e13bc5926f6f8bc5025151c60ea7dc8f40a5f7b8d7a209026ba29472e70601c,2026-08-30T11:50:37.583869+00:00
92,The Medicines Company,25,31,"collaborator,lead",the medicines,exact_normalized,,"<canonical>,exact_normalized,""the medicines"",attribute,no,""<initials> <date>: <why>""",3e13bc5926f6f8bc5025151c60ea7dc8f40a5f7b8d7a209026ba29472e70601c,2026-08-30T11:50:37.583869+00:00
93,Acerta Pharma BV,24,27,"collaborator,lead",acerta pharma,exact_normalized,,"<canonical>,exact_normalized,""acerta pharma"",attribute,no,""<initials> <date>: <why>""",3e13bc5926f6f8bc5025151c60ea7dc8f40a5f7b8d7a209026ba29472e70601c,2026-08-30T11:50:37.583869+00:00
94,Alnylam Pharmaceuticals,24,27,"collaborator,lead",alnylam pharmaceuticals,exact_normalized,,"<canonical>,exact_normalized,""alnylam pharmaceuticals"",attribute,no,""<initials> <date>: <why>""",3e13bc5926f6f8bc5025151c60ea7dc8f40a5f7b8d7a209026ba29472e70601c,2026-08-30T11:50:37.583869+00:00
95,Baxter Healthcare Corporation,24,69,"collaborator,lead",baxter healthcare,exact_normalized,,"<canonical>,exact_normalized,""baxter healthcare"",attribute,no,""<initials> <date>: <why>""",3e13bc5926f6f8bc5025151c60ea7dc8f40a5f7b8d7a209026ba29472e70601c,2026-08-30T11:50:37.583869+00:00
96,Braintree Laboratories,24,24,lead,braintree laboratories,exact_normalized,,"<canonical>,exact_normalized,""braintree laboratories"",attribute,no,""<initials> <date>: <why>""",3e13bc5926f6f8bc5025151c60ea7dc8f40a5f7b8d7a209026ba29472e70601c,2026-08-30T11:50:37.583869+00:00
97,"ImmunityBio, Inc.",24,26,"collaborator,lead",immunitybio,exact_normalized,,"<canonical>,exact_normalized,""immunitybio"",attribute,no,""<initials> <date>: <why>""",3e13bc5926f6f8bc5025151c60ea7dc8f40a5f7b8d7a209026ba29472e70601c,2026-08-30T11:50:37.583869+00:00
98,"Janssen Korea, Ltd., Korea",24,28,"collaborator,lead",janssen korea ltd korea,exact_normalized,,"<canonical>,exact_normalized,""janssen korea ltd korea"",attribute,no,""<initials> <date>: <why>""",3e13bc5926f6f8bc5025151c60ea7dc8f40a5f7b8d7a209026ba29472e70601c,2026-08-30T11:50:37.583869+00:00
99,Laboratoires Thea,24,24,lead,laboratoires thea,exact_normalized,,"<canonical>,exact_normalized,""laboratoires thea"",attribute,no,""<initials> <date>: <why>""",3e13bc5926f6f8bc5025151c60ea7dc8f40a5f7b8d7a209026ba29472e70601c,2026-08-30T11:50:37.583869+00:00
100,Philips Clinical & Medical Affairs Global,24,24,lead,philips clinical and medical affairs global,exact_normalized,,"<canonical>,exact_normalized,""philips clinical and medical affairs global"",attribute,no,""<initials> <date>: <why>""",3e13bc5926f6f8bc5025151c60ea7dc8f40a5f7b8d7a209026ba29472e70601c,2026-08-30T11:50:37.583869+00:00
